PERMNO,date,TICKER,PRC
16289,2017/12/13,FINX,21.77670
16289,2017/12/14,FINX,21.85000
16289,2017/12/15,FINX,21.98400
16289,2017/12/18,FINX,22.13000
16289,2017/12/19,FINX,22.09000
16289,2017/12/20,FINX,21.94500
16289,2017/12/21,FINX,22.03000
16289,2017/12/22,FINX,21.96020
16289,2017/12/26,FINX,21.97000
16289,2017/12/27,FINX,21.95000
16289,2017/12/28,FINX,21.97000
16289,2017/12/29,FINX,21.95000
16289,2018/01/02,FINX,22.12600
16289,2018/01/03,FINX,22.36000
16289,2018/01/04,FINX,22.54000
16289,2018/01/05,FINX,22.95000
16289,2018/01/08,FINX,22.99000
16289,2018/01/09,FINX,23.12000
16289,2018/01/10,FINX,23.22000
16289,2018/01/11,FINX,23.49000
16289,2018/01/12,FINX,23.54000
16289,2018/01/16,FINX,23.27000
16289,2018/01/17,FINX,23.62000
16289,2018/01/18,FINX,23.51000
16289,2018/01/19,FINX,23.82500
16289,2018/01/22,FINX,24.00000
16289,2018/01/23,FINX,24.00000
16289,2018/01/24,FINX,23.84000
16289,2018/01/25,FINX,24.06000
16289,2018/01/26,FINX,24.20000
16289,2018/01/29,FINX,24.00000
16289,2018/01/30,FINX,23.88000
16289,2018/01/31,FINX,23.98000
16289,2018/02/01,FINX,23.68500
16289,2018/02/02,FINX,23.09000
16289,2018/02/05,FINX,22.37000
16289,2018/02/06,FINX,22.42000
16289,2018/02/07,FINX,22.57000
16289,2018/02/08,FINX,21.91000
16289,2018/02/09,FINX,22.11000
16289,2018/02/12,FINX,22.43000
16289,2018/02/13,FINX,22.55080
16289,2018/02/14,FINX,23.04000
16289,2018/02/15,FINX,23.49000
16289,2018/02/16,FINX,23.58000
16289,2018/02/20,FINX,23.60000
16289,2018/02/21,FINX,23.48000
16289,2018/02/22,FINX,23.15990
16289,2018/02/23,FINX,23.19500
16289,2018/02/26,FINX,23.65000
16289,2018/02/27,FINX,23.28000
16289,2018/02/28,FINX,23.10000
16289,2018/03/01,FINX,22.84000
16289,2018/03/02,FINX,23.11320
16289,2018/03/05,FINX,23.62000
16289,2018/03/06,FINX,23.62280
16289,2018/03/07,FINX,23.84500
16289,2018/03/08,FINX,23.82000
16289,2018/03/09,FINX,24.20000
16289,2018/03/12,FINX,24.39000
16289,2018/03/13,FINX,24.20000
16289,2018/03/14,FINX,24.49000
16289,2018/03/15,FINX,24.49000
16289,2018/03/16,FINX,24.42000
16289,2018/03/19,FINX,24.17000
16289,2018/03/20,FINX,24.60000
16289,2018/03/21,FINX,24.49000
16289,2018/03/22,FINX,23.87000
16289,2018/03/23,FINX,23.35000
16289,2018/03/26,FINX,23.83000
16289,2018/03/27,FINX,23.39000
16289,2018/03/28,FINX,23.03000
16289,2018/03/29,FINX,23.38000
16289,2018/04/02,FINX,22.97000
16289,2018/04/03,FINX,22.80000
16289,2018/04/04,FINX,22.85000
16289,2018/04/05,FINX,23.15000
16289,2018/04/06,FINX,22.72000
16289,2018/04/09,FINX,22.96000
16289,2018/04/10,FINX,23.34000
16289,2018/04/11,FINX,23.16000
16289,2018/04/12,FINX,23.48000
16289,2018/04/13,FINX,23.29000
16289,2018/04/16,FINX,23.40000
16289,2018/04/17,FINX,23.86000
16289,2018/04/18,FINX,24.11000
16289,2018/04/19,FINX,24.02000
16289,2018/04/20,FINX,23.89000
16289,2018/04/23,FINX,23.89930
16289,2018/04/24,FINX,23.53000
16289,2018/04/25,FINX,23.16000
16289,2018/04/26,FINX,23.40000
16289,2018/04/27,FINX,23.46990
16289,2018/04/30,FINX,23.60000
16289,2018/05/01,FINX,23.77000
16289,2018/05/02,FINX,23.73000
16289,2018/05/03,FINX,23.91000
16289,2018/05/04,FINX,24.10490
16289,2018/05/07,FINX,24.40000
16289,2018/05/08,FINX,24.60000
16289,2018/05/09,FINX,24.90000
16289,2018/05/10,FINX,25.19000
16289,2018/05/11,FINX,25.20000
16289,2018/05/14,FINX,25.04000
16289,2018/05/15,FINX,25.05000
16289,2018/05/16,FINX,25.28000
16289,2018/05/17,FINX,25.36000
16289,2018/05/18,FINX,25.59000
16289,2018/05/21,FINX,25.68000
16289,2018/05/22,FINX,25.31800
16289,2018/05/23,FINX,25.45000
16289,2018/05/24,FINX,25.56000
16289,2018/05/25,FINX,25.64000
16289,2018/05/29,FINX,25.51000
16289,2018/05/30,FINX,25.75470
16289,2018/05/31,FINX,25.62000
16289,2018/06/01,FINX,25.73000
16289,2018/06/04,FINX,26.16000
16289,2018/06/05,FINX,26.39000
16289,2018/06/06,FINX,26.74000
16289,2018/06/07,FINX,26.17000
16289,2018/06/08,FINX,26.56000
16289,2018/06/11,FINX,26.58000
16289,2018/06/12,FINX,26.88000
16289,2018/06/13,FINX,26.98000
16289,2018/06/14,FINX,27.26900
16289,2018/06/15,FINX,27.13000
16289,2018/06/18,FINX,27.24000
16289,2018/06/19,FINX,27.21000
16289,2018/06/20,FINX,27.29000
16289,2018/06/21,FINX,27.15240
16289,2018/06/22,FINX,27.12000
16289,2018/06/25,FINX,26.29000
16289,2018/06/26,FINX,26.39000
16289,2018/06/27,FINX,25.75000
16289,2018/06/28,FINX,25.80000
16289,2018/06/29,FINX,26.04990
16289,2018/07/02,FINX,26.06000
16289,2018/07/03,FINX,26.06000
16289,2018/07/05,FINX,26.43000
16289,2018/07/06,FINX,26.72000
16289,2018/07/09,FINX,26.99000
16289,2018/07/10,FINX,27.00000
16289,2018/07/11,FINX,26.93000
16289,2018/07/12,FINX,27.17000
16289,2018/07/13,FINX,27.10000
16289,2018/07/16,FINX,27.15000
16289,2018/07/17,FINX,27.27000
16289,2018/07/18,FINX,27.35000
16289,2018/07/19,FINX,27.21000
16289,2018/07/20,FINX,27.48000
16289,2018/07/23,FINX,27.67000
16289,2018/07/24,FINX,27.54000
16289,2018/07/25,FINX,27.92000
16289,2018/07/26,FINX,27.66000
16289,2018/07/27,FINX,26.96000
16289,2018/07/30,FINX,26.35000
16289,2018/07/31,FINX,26.26000
16289,2018/08/01,FINX,26.36000
16289,2018/08/02,FINX,26.87000
16289,2018/08/03,FINX,26.86000
16289,2018/08/06,FINX,26.95000
16289,2018/08/07,FINX,27.17000
16289,2018/08/08,FINX,27.23000
16289,2018/08/09,FINX,27.37000
16289,2018/08/10,FINX,27.31000
16289,2018/08/13,FINX,27.24000
16289,2018/08/14,FINX,27.44000
16289,2018/08/15,FINX,27.11000
16289,2018/08/16,FINX,27.38000
16289,2018/08/17,FINX,27.63000
16289,2018/08/20,FINX,27.75000
16289,2018/08/21,FINX,27.87000
16289,2018/08/22,FINX,28.15500
16289,2018/08/23,FINX,28.38000
16289,2018/08/24,FINX,28.72000
16289,2018/08/27,FINX,29.03500
16289,2018/08/28,FINX,28.98000
16289,2018/08/29,FINX,29.18000
16289,2018/08/30,FINX,29.17000
16289,2018/08/31,FINX,29.29060
16289,2018/09/04,FINX,29.31000
16289,2018/09/05,FINX,28.44000
16289,2018/09/06,FINX,28.27000
16289,2018/09/07,FINX,28.25000
16289,2018/09/10,FINX,28.37000
16289,2018/09/11,FINX,28.64000
16289,2018/09/12,FINX,28.66000
16289,2018/09/13,FINX,28.77000
16289,2018/09/14,FINX,28.98000
16289,2018/09/17,FINX,28.49000
16289,2018/09/18,FINX,28.69000
16289,2018/09/19,FINX,28.40000
16289,2018/09/20,FINX,28.48000
16289,2018/09/21,FINX,28.49000
16289,2018/09/24,FINX,28.40000
16289,2018/09/25,FINX,28.82000
16289,2018/09/26,FINX,28.74000
16289,2018/09/27,FINX,28.72000
16289,2018/09/28,FINX,28.75000
16289,2018/10/01,FINX,28.65000
16289,2018/10/02,FINX,28.44000
16289,2018/10/03,FINX,28.57000
16289,2018/10/04,FINX,27.95000
16289,2018/10/05,FINX,27.71000
16289,2018/10/08,FINX,27.00000
16289,2018/10/09,FINX,27.07000
16289,2018/10/10,FINX,25.49000
16289,2018/10/11,FINX,24.90000
16289,2018/10/12,FINX,25.67000
16289,2018/10/15,FINX,25.52000
16289,2018/10/16,FINX,26.39000
16289,2018/10/17,FINX,26.40000
16289,2018/10/18,FINX,26.04000
16289,2018/10/19,FINX,25.96000
16289,2018/10/22,FINX,26.09000
16289,2018/10/23,FINX,25.77000
16289,2018/10/24,FINX,24.80000
16289,2018/10/25,FINX,25.28000
16289,2018/10/26,FINX,24.60000
16289,2018/10/29,FINX,23.90000
16289,2018/10/30,FINX,24.49000
16289,2018/10/31,FINX,25.14000
16289,2018/11/01,FINX,25.62000
16289,2018/11/02,FINX,25.60000
16289,2018/11/05,FINX,25.38000
16289,2018/11/06,FINX,25.58000
16289,2018/11/07,FINX,26.48000
16289,2018/11/08,FINX,26.12000
16289,2018/11/09,FINX,25.56000
16289,2018/11/12,FINX,24.41000
16289,2018/11/13,FINX,24.43000
16289,2018/11/14,FINX,24.13000
16289,2018/11/15,FINX,24.61000
16289,2018/11/16,FINX,24.72000
16289,2018/11/19,FINX,23.20000
16289,2018/11/20,FINX,22.63000
16289,2018/11/21,FINX,23.13000
16289,2018/11/23,FINX,23.19000
16289,2018/11/26,FINX,23.78000
16289,2018/11/27,FINX,23.65070
16289,2018/11/28,FINX,24.52000
16289,2018/11/29,FINX,24.50000
16289,2018/11/30,FINX,24.56000
16289,2018/12/03,FINX,24.93940
16289,2018/12/04,FINX,23.75570
16289,2018/12/06,FINX,23.61000
16289,2018/12/07,FINX,22.98000
16289,2018/12/10,FINX,23.06000
16289,2018/12/11,FINX,23.17000
16289,2018/12/12,FINX,23.50000
16289,2018/12/13,FINX,23.27000
16289,2018/12/14,FINX,22.85000
16289,2018/12/17,FINX,22.22000
16289,2018/12/18,FINX,22.31000
16289,2018/12/19,FINX,22.20000
16289,2018/12/20,FINX,21.60000
16289,2018/12/21,FINX,20.97000
16289,2018/12/24,FINX,20.71000
16289,2018/12/26,FINX,21.82000
16289,2018/12/27,FINX,22.06000
16289,2018/12/28,FINX,22.01000
16289,2018/12/31,FINX,22.09000
16289,2019/01/02,FINX,22.14000
16289,2019/01/03,FINX,21.30000
16289,2019/01/04,FINX,22.32000
16289,2019/01/07,FINX,22.65000
16289,2019/01/08,FINX,23.05990
16289,2019/01/09,FINX,23.39000
16289,2019/01/10,FINX,23.49000
16289,2019/01/11,FINX,23.47640
16289,2019/01/14,FINX,23.21000
16289,2019/01/15,FINX,23.51000
16289,2019/01/16,FINX,23.85000
16289,2019/01/17,FINX,24.19000
16289,2019/01/18,FINX,24.88000
16289,2019/01/22,FINX,24.42000
16289,2019/01/23,FINX,24.70000
16289,2019/01/24,FINX,25.10000
16289,2019/01/25,FINX,25.65000
16289,2019/01/28,FINX,25.40000
16289,2019/01/29,FINX,24.96000
16289,2019/01/30,FINX,25.09000
16289,2019/01/31,FINX,25.08000
16289,2019/02/01,FINX,24.80000
16289,2019/02/04,FINX,25.37000
16289,2019/02/05,FINX,25.70000
16289,2019/02/06,FINX,25.66000
16289,2019/02/07,FINX,25.37370
16289,2019/02/08,FINX,25.35000
16289,2019/02/11,FINX,25.48000
16289,2019/02/12,FINX,25.86000
16289,2019/02/13,FINX,25.83000
16289,2019/02/14,FINX,25.97000
16289,2019/02/15,FINX,26.19000
16289,2019/02/19,FINX,26.52000
16289,2019/02/20,FINX,26.34000
16289,2019/02/21,FINX,26.08000
16289,2019/02/22,FINX,26.67000
16289,2019/02/25,FINX,26.92000
16289,2019/02/26,FINX,26.84000
16289,2019/02/27,FINX,26.93000
16289,2019/02/28,FINX,26.95000
16289,2019/03/01,FINX,27.25000
16289,2019/03/04,FINX,26.82000
16289,2019/03/05,FINX,26.93000
16289,2019/03/06,FINX,26.68000
16289,2019/03/07,FINX,26.49000
16289,2019/03/08,FINX,26.60000
16289,2019/03/11,FINX,27.10000
16289,2019/03/12,FINX,27.15000
16289,2019/03/13,FINX,27.29000
16289,2019/03/14,FINX,27.30000
16289,2019/03/15,FINX,27.39000
16289,2019/03/18,FINX,27.18000
16289,2019/03/19,FINX,27.46000
16289,2019/03/20,FINX,27.24500
16289,2019/03/21,FINX,27.63000
16289,2019/03/22,FINX,27.01000
16289,2019/03/25,FINX,26.76000
16289,2019/03/26,FINX,27.35990
16289,2019/03/27,FINX,27.33000
16289,2019/03/28,FINX,27.58000
16289,2019/03/29,FINX,27.68000
16289,2019/04/01,FINX,28.09000
16289,2019/04/02,FINX,28.15000
16289,2019/04/03,FINX,28.32000
16289,2019/04/04,FINX,28.10000
16289,2019/04/05,FINX,28.22000
16289,2019/04/08,FINX,28.34000
16289,2019/04/09,FINX,28.15000
16289,2019/04/10,FINX,28.26000
16289,2019/04/11,FINX,28.21000
16289,2019/04/12,FINX,28.32000
16289,2019/04/15,FINX,28.36000
16289,2019/04/16,FINX,28.21000
16289,2019/04/17,FINX,28.11000
16289,2019/04/18,FINX,27.95000
16289,2019/04/22,FINX,28.20000
16289,2019/04/23,FINX,28.55000
16289,2019/04/24,FINX,28.60000
16289,2019/04/25,FINX,28.48000
16289,2019/04/26,FINX,28.60000
16289,2019/04/29,FINX,28.69000
16289,2019/04/30,FINX,28.86000
16289,2019/05/01,FINX,28.42000
16289,2019/05/02,FINX,28.26250
16289,2019/05/03,FINX,28.48000
16289,2019/05/06,FINX,28.66000
16289,2019/05/07,FINX,28.06000
16289,2019/05/08,FINX,28.21000
16289,2019/05/09,FINX,28.04000
16289,2019/05/10,FINX,28.32000
16289,2019/05/13,FINX,27.40000
16289,2019/05/14,FINX,27.83000
16289,2019/05/15,FINX,28.18000
16289,2019/05/16,FINX,28.75000
16289,2019/05/17,FINX,28.58000
16289,2019/05/20,FINX,28.19000
16289,2019/05/21,FINX,28.67000
16289,2019/05/22,FINX,28.99000
16289,2019/05/23,FINX,28.46000
16289,2019/05/24,FINX,28.63000
16289,2019/05/28,FINX,28.97000
16289,2019/05/29,FINX,28.40000
16289,2019/05/30,FINX,28.46000
16289,2019/05/31,FINX,28.05000
16289,2019/06/03,FINX,27.45000
16289,2019/06/04,FINX,28.16000
16289,2019/06/05,FINX,28.49000
16289,2019/06/06,FINX,28.64000
16289,2019/06/07,FINX,29.05000
16289,2019/06/10,FINX,29.27000
16289,2019/06/11,FINX,29.16000
16289,2019/06/12,FINX,29.15000
16289,2019/06/13,FINX,29.10000
16289,2019/06/14,FINX,28.89000
16289,2019/06/17,FINX,28.94000
16289,2019/06/18,FINX,29.23000
16289,2019/06/19,FINX,29.39000
16289,2019/06/20,FINX,29.81500
16289,2019/06/21,FINX,29.50000
16289,2019/06/24,FINX,29.50000
16289,2019/06/25,FINX,29.15000
16289,2019/06/26,FINX,29.12000
16289,2019/06/27,FINX,29.38000
16289,2019/06/28,FINX,29.50500
16289,2019/07/01,FINX,29.64000
16289,2019/07/02,FINX,29.56000
16289,2019/07/03,FINX,29.85000
16289,2019/07/05,FINX,29.80000
16289,2019/07/08,FINX,29.68000
16289,2019/07/09,FINX,29.78000
16289,2019/07/10,FINX,30.08000
16289,2019/07/11,FINX,30.37000
16289,2019/07/12,FINX,30.46000
16289,2019/07/15,FINX,30.53000
16289,2019/07/16,FINX,30.31000
16289,2019/07/17,FINX,30.46000
16289,2019/07/18,FINX,30.61000
16289,2019/07/19,FINX,30.52000
16289,2019/07/22,FINX,30.71000
16289,2019/07/23,FINX,30.74000
16289,2019/07/24,FINX,30.80900
16289,2019/07/25,FINX,30.53000
16289,2019/07/26,FINX,31.23000
16289,2019/07/29,FINX,31.09000
16289,2019/07/30,FINX,30.54000
16289,2019/07/31,FINX,30.58000
16289,2019/08/01,FINX,30.28000
16289,2019/08/02,FINX,29.72000
16289,2019/08/05,FINX,28.48000
16289,2019/08/06,FINX,28.68000
16289,2019/08/07,FINX,28.91000
16289,2019/08/08,FINX,29.53000
16289,2019/08/09,FINX,29.06000
16289,2019/08/12,FINX,28.35000
16289,2019/08/13,FINX,28.85000
16289,2019/08/14,FINX,27.93000
16289,2019/08/15,FINX,27.89000
16289,2019/08/16,FINX,28.56000
16289,2019/08/19,FINX,28.73000
16289,2019/08/20,FINX,28.71000
16289,2019/08/21,FINX,29.09000
16289,2019/08/22,FINX,29.02000
16289,2019/08/23,FINX,28.43000
16289,2019/08/26,FINX,28.59000
16289,2019/08/27,FINX,28.56000
16289,2019/08/28,FINX,28.71000
16289,2019/08/29,FINX,29.00000
16289,2019/08/30,FINX,28.99000
16289,2019/09/03,FINX,28.87000
16289,2019/09/04,FINX,29.19000
16289,2019/09/05,FINX,29.94000
16289,2019/09/06,FINX,30.13000
16289,2019/09/09,FINX,29.55000
16289,2019/09/10,FINX,28.86000
16289,2019/09/11,FINX,28.91000
16289,2019/09/12,FINX,29.15000
16289,2019/09/13,FINX,29.00000
16289,2019/09/16,FINX,29.07000
16289,2019/09/17,FINX,29.43000
16289,2019/09/18,FINX,29.40000
16289,2019/09/19,FINX,29.41000
16289,2019/09/20,FINX,29.27000
16289,2019/09/23,FINX,29.00000
16289,2019/09/24,FINX,28.83000
16289,2019/09/25,FINX,28.98000
16289,2019/09/26,FINX,29.06000
16289,2019/09/27,FINX,28.69000
16289,2019/09/30,FINX,28.77000
16289,2019/10/01,FINX,28.55000
16289,2019/10/02,FINX,27.61000
16289,2019/10/03,FINX,27.98000
16289,2019/10/04,FINX,28.63000
16289,2019/10/07,FINX,28.58000
16289,2019/10/08,FINX,28.00000
16289,2019/10/09,FINX,28.54000
16289,2019/10/10,FINX,28.59000
16289,2019/10/11,FINX,29.18000
16289,2019/10/14,FINX,29.17000
16289,2019/10/15,FINX,29.04000
16289,2019/10/16,FINX,28.80000
16289,2019/10/17,FINX,28.67000
16289,2019/10/18,FINX,28.14000
16289,2019/10/21,FINX,28.15000
16289,2019/10/22,FINX,27.40000
16289,2019/10/23,FINX,27.44000
16289,2019/10/24,FINX,27.91000
16289,2019/10/25,FINX,28.28000
16289,2019/10/28,FINX,28.32000
16289,2019/10/29,FINX,28.45000
16289,2019/10/30,FINX,28.55000
16289,2019/10/31,FINX,28.60000
16289,2019/11/01,FINX,28.93000
16289,2019/11/04,FINX,28.88000
16289,2019/11/05,FINX,28.46000
16289,2019/11/06,FINX,28.23000
16289,2019/11/07,FINX,28.69500
16289,2019/11/08,FINX,28.80000
16289,2019/11/11,FINX,29.07000
16289,2019/11/12,FINX,29.14000
16289,2019/11/13,FINX,29.21000
16289,2019/11/14,FINX,29.62000
16289,2019/11/15,FINX,29.89000
16289,2019/11/18,FINX,29.89000
16289,2019/11/19,FINX,29.87000
16289,2019/11/20,FINX,29.75000
16289,2019/11/21,FINX,29.57000
16289,2019/11/22,FINX,29.82520
16289,2019/11/25,FINX,30.23500
16289,2019/11/26,FINX,30.37030
16289,2019/11/27,FINX,30.57000
16289,2019/11/29,FINX,30.53190
16289,2019/12/02,FINX,29.95000
16289,2019/12/03,FINX,29.87920
16289,2019/12/04,FINX,30.01000
16289,2019/12/05,FINX,30.00870
16289,2019/12/06,FINX,30.04000
16289,2019/12/09,FINX,29.77000
16289,2019/12/10,FINX,29.49000
16289,2019/12/11,FINX,29.44000
16289,2019/12/12,FINX,29.65000
16289,2019/12/13,FINX,29.84000
16289,2019/12/16,FINX,30.07000
16289,2019/12/17,FINX,30.00000
16289,2019/12/18,FINX,30.12000
16289,2019/12/19,FINX,30.17000
16289,2019/12/20,FINX,30.23000
16289,2019/12/23,FINX,30.32000
16289,2019/12/24,FINX,30.37000
16289,2019/12/26,FINX,30.44000
16289,2019/12/27,FINX,30.59000
16289,2019/12/30,FINX,30.26500
16289,2019/12/31,FINX,30.37760
16289,2020/01/02,FINX,30.84000
16289,2020/01/03,FINX,30.66000
16289,2020/01/06,FINX,30.66000
16289,2020/01/07,FINX,30.63000
16289,2020/01/08,FINX,30.85000
16289,2020/01/09,FINX,31.06000
16289,2020/01/10,FINX,31.03000
16289,2020/01/13,FINX,31.43000
16289,2020/01/14,FINX,31.40000
16289,2020/01/15,FINX,31.58000
16289,2020/01/16,FINX,31.89000
16289,2020/01/17,FINX,31.90000
16289,2020/01/21,FINX,31.95000
16289,2020/01/22,FINX,32.27000
16289,2020/01/23,FINX,32.35000
16289,2020/01/24,FINX,32.44000
16289,2020/01/27,FINX,31.62000
16289,2020/01/28,FINX,32.33150
16289,2020/01/29,FINX,32.55000
16289,2020/01/30,FINX,32.54000
16289,2020/01/31,FINX,31.85470
16289,2020/02/03,FINX,32.43000
16289,2020/02/04,FINX,33.09000
16289,2020/02/05,FINX,32.93000
16289,2020/02/06,FINX,32.86000
16289,2020/02/07,FINX,32.65000
16289,2020/02/10,FINX,32.89000
16289,2020/02/11,FINX,32.98000
16289,2020/02/12,FINX,33.12000
16289,2020/02/13,FINX,33.41000
16289,2020/02/14,FINX,33.79000
16289,2020/02/18,FINX,33.87000
16289,2020/02/19,FINX,34.39000
16289,2020/02/20,FINX,34.01000
16289,2020/02/21,FINX,33.61000
16289,2020/02/24,FINX,32.26000
16289,2020/02/25,FINX,31.28000
16289,2020/02/26,FINX,31.15000
16289,2020/02/27,FINX,30.21000
16289,2020/02/28,FINX,30.10000
16289,2020/03/02,FINX,31.08000
16289,2020/03/03,FINX,30.56000
16289,2020/03/04,FINX,31.43000
16289,2020/03/05,FINX,30.24000
16289,2020/03/06,FINX,29.62000
16289,2020/03/09,FINX,26.84000
16289,2020/03/10,FINX,28.46900
16289,2020/03/11,FINX,26.85000
16289,2020/03/12,FINX,23.96000
16289,2020/03/13,FINX,26.09000
16289,2020/03/16,FINX,22.74000
16289,2020/03/17,FINX,23.25000
16289,2020/03/18,FINX,20.89000
16289,2020/03/19,FINX,21.25000
16289,2020/03/20,FINX,20.54000
16289,2020/03/23,FINX,20.29560
16289,2020/03/24,FINX,22.56000
16289,2020/03/25,FINX,23.61000
16289,2020/03/26,FINX,25.25830
16289,2020/03/27,FINX,24.05000
16289,2020/03/30,FINX,24.69000
16289,2020/03/31,FINX,24.16000
16289,2020/04/01,FINX,22.86000
16289,2020/04/02,FINX,23.11000
16289,2020/04/03,FINX,22.36000
16289,2020/04/06,FINX,24.49000
16289,2020/04/07,FINX,24.58000
16289,2020/04/08,FINX,25.54000
16289,2020/04/09,FINX,26.14000
16289,2020/04/13,FINX,25.73000
16289,2020/04/14,FINX,26.73000
16289,2020/04/15,FINX,25.73000
16289,2020/04/16,FINX,25.92000
16289,2020/04/17,FINX,26.93000
16289,2020/04/20,FINX,26.56000
16289,2020/04/21,FINX,25.81000
16289,2020/04/22,FINX,26.67340
16289,2020/04/23,FINX,26.68000
16289,2020/04/24,FINX,27.12000
16289,2020/04/27,FINX,27.82000
16289,2020/04/28,FINX,27.40000
16289,2020/04/29,FINX,28.29000
16289,2020/04/30,FINX,28.07000
16289,2020/05/01,FINX,27.30000
16289,2020/05/04,FINX,27.87000
16289,2020/05/05,FINX,28.42000
16289,2020/05/06,FINX,28.69000
16289,2020/05/07,FINX,29.48000
16289,2020/05/08,FINX,29.79000
16289,2020/05/11,FINX,29.81000
16289,2020/05/12,FINX,29.03000
16289,2020/05/13,FINX,28.76000
16289,2020/05/14,FINX,28.73000
16289,2020/05/15,FINX,28.95000
16289,2020/05/18,FINX,30.08000
16289,2020/05/19,FINX,29.80000
16289,2020/05/20,FINX,30.57000
16289,2020/05/21,FINX,30.45000
16289,2020/05/22,FINX,30.67000
16289,2020/05/26,FINX,31.28000
16289,2020/05/27,FINX,31.32000
16289,2020/05/28,FINX,31.53000
16289,2020/05/29,FINX,32.15000
16289,2020/06/01,FINX,32.81000
16289,2020/06/02,FINX,33.11000
16289,2020/06/03,FINX,33.69000
16289,2020/06/04,FINX,33.21000
16289,2020/06/05,FINX,33.58000
16289,2020/06/08,FINX,33.80000
16289,2020/06/09,FINX,33.52000
16289,2020/06/10,FINX,33.79000
16289,2020/06/11,FINX,31.90000
16289,2020/06/12,FINX,32.44600
16289,2020/06/15,FINX,33.03000
16289,2020/06/16,FINX,33.60660
16289,2020/06/17,FINX,33.99000
16289,2020/06/18,FINX,33.47000
16289,2020/06/19,FINX,32.88000
16289,2020/06/22,FINX,33.38000
16289,2020/06/23,FINX,33.60000
16289,2020/06/24,FINX,32.41000
16289,2020/06/25,FINX,32.88000
16289,2020/06/26,FINX,32.25000
16289,2020/06/29,FINX,32.62000
16289,2020/06/30,FINX,33.22340
16289,2020/07/01,FINX,33.85000
16289,2020/07/02,FINX,34.12000
16289,2020/07/06,FINX,34.55000
16289,2020/07/07,FINX,34.32000
16289,2020/07/08,FINX,35.06000
16289,2020/07/09,FINX,35.03000
16289,2020/07/10,FINX,34.93000
16289,2020/07/13,FINX,34.02000
16289,2020/07/14,FINX,34.03000
16289,2020/07/15,FINX,34.61000
16289,2020/07/16,FINX,34.08000
16289,2020/07/17,FINX,34.50000
16289,2020/07/20,FINX,35.46000
16289,2020/07/21,FINX,35.59000
16289,2020/07/22,FINX,35.85000
16289,2020/07/23,FINX,35.31000
16289,2020/07/24,FINX,34.73000
16289,2020/07/27,FINX,35.36000
16289,2020/07/28,FINX,34.99000
16289,2020/07/29,FINX,35.89000
16289,2020/07/30,FINX,35.86000
16289,2020/07/31,FINX,35.78000
16289,2020/08/03,FINX,36.51000
16289,2020/08/04,FINX,36.38000
16289,2020/08/05,FINX,36.91000
16289,2020/08/06,FINX,37.32000
16289,2020/08/07,FINX,36.99000
16289,2020/08/10,FINX,36.15000
16289,2020/08/11,FINX,35.91000
16289,2020/08/12,FINX,36.15000
16289,2020/08/13,FINX,36.47000
16289,2020/08/14,FINX,36.47000
16289,2020/08/17,FINX,37.23000
16289,2020/08/18,FINX,37.31000
16289,2020/08/19,FINX,37.21000
16289,2020/08/20,FINX,37.40000
16289,2020/08/21,FINX,37.26000
16289,2020/08/24,FINX,37.66000
16289,2020/08/25,FINX,38.41000
16289,2020/08/26,FINX,38.81000
16289,2020/08/27,FINX,39.02000
16289,2020/08/28,FINX,39.01000
16289,2020/08/31,FINX,38.99000
16289,2020/09/01,FINX,39.42000
16289,2020/09/02,FINX,39.65000
16289,2020/09/03,FINX,37.78000
16289,2020/09/04,FINX,36.84000
16289,2020/09/08,FINX,35.98000
16289,2020/09/09,FINX,36.90000
16289,2020/09/10,FINX,36.44000
16289,2020/09/11,FINX,36.02500
16289,2020/09/14,FINX,36.58000
16289,2020/09/15,FINX,37.21000
16289,2020/09/16,FINX,37.23000
16289,2020/09/17,FINX,36.76000
16289,2020/09/18,FINX,36.82000
16289,2020/09/21,FINX,36.60000
16289,2020/09/22,FINX,37.49000
16289,2020/09/23,FINX,36.56000
16289,2020/09/24,FINX,36.50000
16289,2020/09/25,FINX,37.17000
16289,2020/09/28,FINX,37.78000
16289,2020/09/29,FINX,38.08000
16289,2020/09/30,FINX,37.97000
16289,2020/10/01,FINX,38.61000
16289,2020/10/02,FINX,38.26000
16289,2020/10/05,FINX,38.89000
16289,2020/10/06,FINX,38.53000
86755,2017/12/13,QQQ,155.99001
86755,2017/12/14,QQQ,155.88000
86755,2017/12/15,QQQ,157.64999
86755,2017/12/18,QQQ,158.64000
86755,2017/12/19,QQQ,157.70000
86755,2017/12/20,QQQ,157.53000
86755,2017/12/21,QQQ,157.55000
86755,2017/12/22,QQQ,157.37000
86755,2017/12/26,QQQ,156.52000
86755,2017/12/27,QQQ,156.53999
86755,2017/12/28,QQQ,156.73000
86755,2017/12/29,QQQ,155.75999
86755,2018/01/02,QQQ,158.49001
86755,2018/01/03,QQQ,160.03000
86755,2018/01/04,QQQ,160.31000
86755,2018/01/05,QQQ,161.92000
86755,2018/01/08,QQQ,162.55000
86755,2018/01/09,QQQ,162.56000
86755,2018/01/10,QQQ,162.17999
86755,2018/01/11,QQQ,163.28999
86755,2018/01/12,QQQ,164.49001
86755,2018/01/16,QQQ,164.02000
86755,2018/01/17,QQQ,165.78999
86755,2018/01/18,QQQ,165.82001
86755,2018/01/19,QQQ,166.34000
86755,2018/01/22,QQQ,168.12000
86755,2018/01/23,QQQ,169.50999
86755,2018/01/24,QQQ,168.41000
86755,2018/01/25,QQQ,168.35001
86755,2018/01/26,QQQ,170.92999
86755,2018/01/29,QQQ,170.10001
86755,2018/01/30,QQQ,168.70000
86755,2018/01/31,QQQ,169.39999
86755,2018/02/01,QQQ,167.96001
86755,2018/02/02,QQQ,164.61000
86755,2018/02/05,QQQ,158.12000
86755,2018/02/06,QQQ,162.31000
86755,2018/02/07,QQQ,160.21001
86755,2018/02/08,QQQ,153.45000
86755,2018/02/09,QQQ,156.10001
86755,2018/02/12,QQQ,158.87000
86755,2018/02/13,QQQ,159.69000
86755,2018/02/14,QQQ,162.67999
86755,2018/02/15,QQQ,165.70000
86755,2018/02/16,QQQ,164.96001
86755,2018/02/20,QQQ,165.28999
86755,2018/02/21,QQQ,164.82001
86755,2018/02/22,QQQ,164.80000
86755,2018/02/23,QQQ,168.17000
86755,2018/02/26,QQQ,170.39999
86755,2018/02/27,QQQ,168.28999
86755,2018/02/28,QQQ,167.21001
86755,2018/03/01,QQQ,164.48000
86755,2018/03/02,QQQ,165.99001
86755,2018/03/05,QQQ,167.83000
86755,2018/03/06,QQQ,168.53999
86755,2018/03/07,QQQ,168.92999
86755,2018/03/08,QQQ,169.86000
86755,2018/03/09,QQQ,173.16000
86755,2018/03/12,QQQ,174.08000
86755,2018/03/13,QQQ,171.71001
86755,2018/03/14,QQQ,171.67999
86755,2018/03/15,QQQ,171.53000
86755,2018/03/16,QQQ,171.02000
86755,2018/03/19,QQQ,167.10001
86755,2018/03/20,QQQ,167.64999
86755,2018/03/21,QQQ,166.92000
86755,2018/03/22,QQQ,162.80000
86755,2018/03/23,QQQ,158.50999
86755,2018/03/26,QQQ,164.39999
86755,2018/03/27,QQQ,159.08000
86755,2018/03/28,QQQ,157.25000
86755,2018/03/29,QQQ,160.13000
86755,2018/04/02,QQQ,155.50999
86755,2018/04/03,QQQ,157.25999
86755,2018/04/04,QQQ,159.74001
86755,2018/04/05,QQQ,160.64999
86755,2018/04/06,QQQ,156.63000
86755,2018/04/09,QQQ,157.73000
86755,2018/04/10,QQQ,161.21001
86755,2018/04/11,QQQ,160.28000
86755,2018/04/12,QQQ,162.21001
86755,2018/04/13,QQQ,161.37000
86755,2018/04/16,QQQ,162.60001
86755,2018/04/17,QQQ,166.10001
86755,2018/04/18,QQQ,166.44000
86755,2018/04/19,QQQ,164.91000
86755,2018/04/20,QQQ,162.30000
86755,2018/04/23,QQQ,161.89000
86755,2018/04/24,QQQ,158.46001
86755,2018/04/25,QQQ,158.64999
86755,2018/04/26,QQQ,161.99001
86755,2018/04/27,QQQ,162.09000
86755,2018/04/30,QQQ,160.94000
86755,2018/05/01,QQQ,162.78000
86755,2018/05/02,QQQ,161.82001
86755,2018/05/03,QQQ,161.80000
86755,2018/05/04,QQQ,164.87000
86755,2018/05/07,QQQ,166.24001
86755,2018/05/08,QQQ,166.07001
86755,2018/05/09,QQQ,167.88000
86755,2018/05/10,QQQ,169.62000
86755,2018/05/11,QQQ,169.46001
86755,2018/05/14,QQQ,169.75000
86755,2018/05/15,QQQ,167.87000
86755,2018/05/16,QQQ,168.98000
86755,2018/05/17,QQQ,168.33000
86755,2018/05/18,QQQ,167.46001
86755,2018/05/21,QQQ,168.39999
86755,2018/05/22,QQQ,168.17999
86755,2018/05/23,QQQ,169.60001
86755,2018/05/24,QQQ,169.55000
86755,2018/05/25,QQQ,169.72000
86755,2018/05/29,QQQ,168.97000
86755,2018/05/30,QQQ,170.17999
86755,2018/05/31,QQQ,170.07001
86755,2018/06/01,QQQ,172.74001
86755,2018/06/04,QQQ,174.30000
86755,2018/06/05,QQQ,174.84000
86755,2018/06/06,QQQ,175.86000
86755,2018/06/07,QQQ,174.42999
86755,2018/06/08,QQQ,174.44000
86755,2018/06/11,QQQ,174.91000
86755,2018/06/12,QQQ,175.83000
86755,2018/06/13,QQQ,175.82001
86755,2018/06/14,QQQ,177.60001
86755,2018/06/15,QQQ,176.98000
86755,2018/06/18,QQQ,176.50000
86755,2018/06/19,QQQ,176.00000
86755,2018/06/20,QQQ,177.25000
86755,2018/06/21,QQQ,175.71001
86755,2018/06/22,QQQ,175.32001
86755,2018/06/25,QQQ,171.37000
86755,2018/06/26,QQQ,172.07001
86755,2018/06/27,QQQ,169.73000
86755,2018/06/28,QQQ,171.19000
86755,2018/06/29,QQQ,171.64999
86755,2018/07/02,QQQ,172.80000
86755,2018/07/03,QQQ,170.80000
86755,2018/07/05,QQQ,172.92000
86755,2018/07/06,QQQ,175.61000
86755,2018/07/09,QQQ,177.19000
86755,2018/07/10,QQQ,177.32001
86755,2018/07/11,QQQ,176.42000
86755,2018/07/12,QQQ,179.46001
86755,2018/07/13,QQQ,179.61000
86755,2018/07/16,QQQ,179.17999
86755,2018/07/17,QQQ,180.27000
86755,2018/07/18,QQQ,179.92999
86755,2018/07/19,QQQ,179.03000
86755,2018/07/20,QQQ,178.99001
86755,2018/07/23,QQQ,179.56000
86755,2018/07/24,QQQ,180.30000
86755,2018/07/25,QQQ,182.82001
86755,2018/07/26,QQQ,180.05000
86755,2018/07/27,QQQ,177.62000
86755,2018/07/30,QQQ,175.11000
86755,2018/07/31,QQQ,176.45000
86755,2018/08/01,QQQ,177.12000
86755,2018/08/02,QQQ,179.53000
86755,2018/08/03,QQQ,180.08000
86755,2018/08/06,QQQ,181.14000
86755,2018/08/07,QQQ,181.80000
86755,2018/08/08,QQQ,182.02000
86755,2018/08/09,QQQ,181.91000
86755,2018/08/10,QQQ,180.52000
86755,2018/08/13,QQQ,180.32001
86755,2018/08/14,QQQ,181.45000
86755,2018/08/15,QQQ,179.23000
86755,2018/08/16,QQQ,179.82001
86755,2018/08/17,QQQ,179.86000
86755,2018/08/20,QQQ,179.70000
86755,2018/08/21,QQQ,180.36000
86755,2018/08/22,QQQ,181.06000
86755,2018/08/23,QQQ,180.80000
86755,2018/08/24,QQQ,182.48000
86755,2018/08/27,QQQ,184.34000
86755,2018/08/28,QQQ,184.61000
86755,2018/08/29,QQQ,186.74001
86755,2018/08/30,QQQ,186.41000
86755,2018/08/31,QQQ,186.64999
86755,2018/09/04,QQQ,185.85001
86755,2018/09/05,QQQ,183.45000
86755,2018/09/06,QQQ,181.81000
86755,2018/09/07,QQQ,181.11000
86755,2018/09/10,QQQ,181.72000
86755,2018/09/11,QQQ,183.12000
86755,2018/09/12,QQQ,182.58000
86755,2018/09/13,QQQ,184.53000
86755,2018/09/14,QQQ,183.99001
86755,2018/09/17,QQQ,181.34000
86755,2018/09/18,QQQ,182.84000
86755,2018/09/19,QQQ,182.70000
86755,2018/09/20,QQQ,184.72000
86755,2018/09/21,QQQ,183.71001
86755,2018/09/24,QQQ,183.89000
86755,2018/09/25,QQQ,184.14000
86755,2018/09/26,QQQ,184.27000
86755,2018/09/27,QQQ,185.83000
86755,2018/09/28,QQQ,185.78999
86755,2018/10/01,QQQ,186.17000
86755,2018/10/02,QQQ,185.75000
86755,2018/10/03,QQQ,185.95000
86755,2018/10/04,QQQ,182.38000
86755,2018/10/05,QQQ,180.14999
86755,2018/10/08,QQQ,179.05000
86755,2018/10/09,QQQ,179.63000
86755,2018/10/10,QQQ,171.73000
86755,2018/10/11,QQQ,169.60001
86755,2018/10/12,QQQ,174.32001
86755,2018/10/15,QQQ,172.21001
86755,2018/10/16,QQQ,177.22000
86755,2018/10/17,QQQ,177.28999
86755,2018/10/18,QQQ,173.17999
86755,2018/10/19,QQQ,173.02000
86755,2018/10/22,QQQ,173.91000
86755,2018/10/23,QQQ,173.27000
86755,2018/10/24,QQQ,165.34000
86755,2018/10/25,QQQ,171.06000
86755,2018/10/26,QQQ,166.66000
86755,2018/10/29,QQQ,163.23000
86755,2018/10/30,QQQ,165.92000
86755,2018/10/31,QQQ,169.82001
86755,2018/11/01,QQQ,172.06000
86755,2018/11/02,QQQ,169.38000
86755,2018/11/05,QQQ,168.96001
86755,2018/11/06,QQQ,170.24001
86755,2018/11/07,QQQ,175.58000
86755,2018/11/08,QQQ,174.46001
86755,2018/11/09,QQQ,171.52000
86755,2018/11/12,QQQ,166.33000
86755,2018/11/13,QQQ,166.47000
86755,2018/11/14,QQQ,165.20000
86755,2018/11/15,QQQ,168.09000
86755,2018/11/16,QQQ,167.50000
86755,2018/11/19,QQQ,162.06000
86755,2018/11/20,QQQ,159.16000
86755,2018/11/21,QQQ,160.37000
86755,2018/11/23,QQQ,159.21001
86755,2018/11/26,QQQ,162.89000
86755,2018/11/27,QQQ,163.44000
86755,2018/11/28,QQQ,168.70000
86755,2018/11/29,QQQ,168.14999
86755,2018/11/30,QQQ,169.37000
86755,2018/12/03,QQQ,172.33000
86755,2018/12/04,QQQ,165.72000
86755,2018/12/06,QQQ,166.89000
86755,2018/12/07,QQQ,161.38000
86755,2018/12/10,QQQ,163.07001
86755,2018/12/11,QQQ,163.61000
86755,2018/12/12,QQQ,165.05000
86755,2018/12/13,QQQ,165.10001
86755,2018/12/14,QQQ,161.08000
86755,2018/12/17,QQQ,157.42999
86755,2018/12/18,QQQ,158.42000
86755,2018/12/19,QQQ,154.53000
86755,2018/12/20,QQQ,152.28999
86755,2018/12/21,QQQ,147.57001
86755,2018/12/24,QQQ,143.50000
86755,2018/12/26,QQQ,152.46001
86755,2018/12/27,QQQ,153.05000
86755,2018/12/28,QQQ,152.97000
86755,2018/12/31,QQQ,154.25999
86755,2019/01/02,QQQ,154.88000
86755,2019/01/03,QQQ,149.82001
86755,2019/01/04,QQQ,156.23000
86755,2019/01/07,QQQ,158.09000
86755,2019/01/08,QQQ,159.52000
86755,2019/01/09,QQQ,160.82001
86755,2019/01/10,QQQ,161.28000
86755,2019/01/11,QQQ,160.69000
86755,2019/01/14,QQQ,159.27000
86755,2019/01/15,QQQ,162.38000
86755,2019/01/16,QQQ,162.35001
86755,2019/01/17,QQQ,163.63000
86755,2019/01/18,QQQ,165.25000
86755,2019/01/22,QQQ,161.94000
86755,2019/01/23,QQQ,162.14999
86755,2019/01/24,QQQ,163.20000
86755,2019/01/25,QQQ,165.14999
86755,2019/01/28,QQQ,163.11000
86755,2019/01/29,QQQ,161.57001
86755,2019/01/30,QQQ,165.67999
86755,2019/01/31,QQQ,168.16000
86755,2019/02/01,QQQ,167.45000
86755,2019/02/04,QQQ,169.53000
86755,2019/02/05,QQQ,171.03000
86755,2019/02/06,QQQ,170.52000
86755,2019/02/07,QQQ,168.23000
86755,2019/02/08,QQQ,168.56000
86755,2019/02/11,QQQ,168.39999
86755,2019/02/12,QQQ,170.89000
86755,2019/02/13,QQQ,171.00999
86755,2019/02/14,QQQ,171.22000
86755,2019/02/15,QQQ,171.94000
86755,2019/02/19,QQQ,172.28000
86755,2019/02/20,QQQ,172.25000
86755,2019/02/21,QQQ,171.62000
86755,2019/02/22,QQQ,172.89000
86755,2019/02/25,QQQ,173.52000
86755,2019/02/26,QQQ,173.70000
86755,2019/02/27,QQQ,173.59000
86755,2019/02/28,QQQ,173.19000
86755,2019/03/01,QQQ,174.39000
86755,2019/03/04,QQQ,174.42000
86755,2019/03/05,QQQ,174.55000
86755,2019/03/06,QQQ,173.56000
86755,2019/03/07,QQQ,171.42999
86755,2019/03/08,QQQ,171.17000
86755,2019/03/11,QQQ,174.73000
86755,2019/03/12,QQQ,175.69000
86755,2019/03/13,QQQ,177.00999
86755,2019/03/14,QQQ,176.71001
86755,2019/03/15,QQQ,178.35001
86755,2019/03/18,QQQ,178.45000
86755,2019/03/19,QQQ,179.05000
86755,2019/03/20,QQQ,179.75999
86755,2019/03/21,QQQ,182.57001
86755,2019/03/22,QQQ,178.56000
86755,2019/03/25,QQQ,178.22000
86755,2019/03/26,QQQ,179.05000
86755,2019/03/27,QQQ,177.89999
86755,2019/03/28,QQQ,178.31000
86755,2019/03/29,QQQ,179.66000
86755,2019/04/01,QQQ,182.03999
86755,2019/04/02,QQQ,182.73000
86755,2019/04/03,QQQ,183.78000
86755,2019/04/04,QQQ,183.71001
86755,2019/04/05,QQQ,184.66000
86755,2019/04/08,QQQ,185.13000
86755,2019/04/09,QQQ,184.48000
86755,2019/04/10,QQQ,185.47000
86755,2019/04/11,QQQ,185.03000
86755,2019/04/12,QQQ,185.83000
86755,2019/04/15,QQQ,185.86000
86755,2019/04/16,QQQ,186.50000
86755,2019/04/17,QQQ,187.14999
86755,2019/04/18,QQQ,187.39000
86755,2019/04/22,QQQ,187.92000
86755,2019/04/23,QQQ,190.31000
86755,2019/04/24,QQQ,189.71001
86755,2019/04/25,QQQ,190.48000
86755,2019/04/26,QQQ,190.64999
86755,2019/04/29,QQQ,191.02000
86755,2019/04/30,QQQ,189.53999
86755,2019/05/01,QQQ,188.92999
86755,2019/05/02,QQQ,188.11000
86755,2019/05/03,QQQ,191.11000
86755,2019/05/06,QQQ,189.94000
86755,2019/05/07,QQQ,186.24001
86755,2019/05/08,QQQ,185.77000
86755,2019/05/09,QQQ,184.77000
86755,2019/05/10,QQQ,185.00000
86755,2019/05/13,QQQ,178.58000
86755,2019/05/14,QQQ,180.53999
86755,2019/05/15,QQQ,183.09000
86755,2019/05/16,QQQ,184.92999
86755,2019/05/17,QQQ,183.03999
86755,2019/05/20,QQQ,179.95000
86755,2019/05/21,QQQ,181.83000
86755,2019/05/22,QQQ,181.02000
86755,2019/05/23,QQQ,178.25000
86755,2019/05/24,QQQ,178.16000
86755,2019/05/28,QQQ,177.49001
86755,2019/05/29,QQQ,176.03000
86755,2019/05/30,QQQ,176.77000
86755,2019/05/31,QQQ,173.95000
86755,2019/06/03,QQQ,170.12000
86755,2019/06/04,QQQ,174.91000
86755,2019/06/05,QQQ,176.21001
86755,2019/06/06,QQQ,177.61000
86755,2019/06/07,QQQ,181.03999
86755,2019/06/10,QQQ,183.14999
86755,2019/06/11,QQQ,183.39999
86755,2019/06/12,QQQ,182.34000
86755,2019/06/13,QQQ,183.42000
86755,2019/06/14,QQQ,182.64000
86755,2019/06/17,QQQ,183.74001
86755,2019/06/18,QQQ,186.41000
86755,2019/06/19,QQQ,187.11000
86755,2019/06/20,QQQ,188.85001
86755,2019/06/21,QQQ,188.57001
86755,2019/06/24,QQQ,188.16000
86755,2019/06/25,QQQ,184.92999
86755,2019/06/26,QQQ,185.78999
86755,2019/06/27,QQQ,186.50000
86755,2019/06/28,QQQ,186.74001
86755,2019/07/01,QQQ,189.25999
86755,2019/07/02,QQQ,190.00999
86755,2019/07/03,QQQ,191.44000
86755,2019/07/05,QQQ,191.05000
86755,2019/07/08,QQQ,189.71001
86755,2019/07/09,QQQ,190.66000
86755,2019/07/10,QQQ,192.56000
86755,2019/07/11,QQQ,192.42000
86755,2019/07/12,QQQ,193.53000
86755,2019/07/15,QQQ,194.14999
86755,2019/07/16,QQQ,193.14999
86755,2019/07/17,QQQ,192.20000
86755,2019/07/18,QQQ,192.42000
86755,2019/07/19,QQQ,191.00999
86755,2019/07/22,QQQ,192.53000
86755,2019/07/23,QQQ,193.78999
86755,2019/07/24,QQQ,195.14999
86755,2019/07/25,QQQ,193.30000
86755,2019/07/26,QQQ,195.28999
86755,2019/07/29,QQQ,194.62000
86755,2019/07/30,QQQ,193.78000
86755,2019/07/31,QQQ,191.10001
86755,2019/08/01,QQQ,190.14999
86755,2019/08/02,QQQ,187.35001
86755,2019/08/05,QQQ,180.73000
86755,2019/08/06,QQQ,183.25999
86755,2019/08/07,QQQ,184.25000
86755,2019/08/08,QQQ,188.25999
86755,2019/08/09,QQQ,186.49001
86755,2019/08/12,QQQ,184.35001
86755,2019/08/13,QQQ,188.39000
86755,2019/08/14,QQQ,182.75999
86755,2019/08/15,QQQ,182.55000
86755,2019/08/16,QQQ,185.48000
86755,2019/08/19,QQQ,188.42999
86755,2019/08/20,QQQ,186.97000
86755,2019/08/21,QQQ,188.63000
86755,2019/08/22,QQQ,188.02000
86755,2019/08/23,QQQ,182.07001
86755,2019/08/26,QQQ,184.82001
86755,2019/08/27,QQQ,184.42999
86755,2019/08/28,QQQ,185.09000
86755,2019/08/29,QQQ,187.92000
86755,2019/08/30,QQQ,187.47000
86755,2019/09/03,QQQ,185.64999
86755,2019/09/04,QQQ,188.33000
86755,2019/09/05,QQQ,191.78000
86755,2019/09/06,QQQ,191.59000
86755,2019/09/09,QQQ,191.19000
86755,2019/09/10,QQQ,190.64000
86755,2019/09/11,QQQ,192.42999
86755,2019/09/12,QQQ,193.23000
86755,2019/09/13,QQQ,192.53999
86755,2019/09/16,QQQ,191.67999
86755,2019/09/17,QQQ,192.60001
86755,2019/09/18,QQQ,192.52000
86755,2019/09/19,QQQ,192.84000
86755,2019/09/20,QQQ,190.80000
86755,2019/09/23,QQQ,190.50000
86755,2019/09/24,QQQ,187.97000
86755,2019/09/25,QQQ,190.08000
86755,2019/09/26,QQQ,189.38000
86755,2019/09/27,QQQ,187.03000
86755,2019/09/30,QQQ,188.81000
86755,2019/10/01,QQQ,187.27000
86755,2019/10/02,QQQ,184.05000
86755,2019/10/03,QQQ,186.07001
86755,2019/10/04,QQQ,188.81000
86755,2019/10/07,QQQ,188.24001
86755,2019/10/08,QQQ,185.42000
86755,2019/10/09,QQQ,187.23000
86755,2019/10/10,QQQ,188.67999
86755,2019/10/11,QQQ,191.11000
86755,2019/10/14,QQQ,191.09000
86755,2019/10/15,QQQ,193.52000
86755,2019/10/16,QQQ,193.03999
86755,2019/10/17,QQQ,193.55000
86755,2019/10/18,QQQ,191.69000
86755,2019/10/21,QQQ,193.39000
86755,2019/10/22,QQQ,191.85001
86755,2019/10/23,QQQ,192.22000
86755,2019/10/24,QQQ,194.09000
86755,2019/10/25,QQQ,195.64000
86755,2019/10/28,QQQ,197.57001
86755,2019/10/29,QQQ,196.03999
86755,2019/10/30,QQQ,196.99001
86755,2019/10/31,QQQ,197.08000
86755,2019/11/01,QQQ,198.87000
86755,2019/11/04,QQQ,200.10001
86755,2019/11/05,QQQ,200.21001
86755,2019/11/06,QQQ,199.75999
86755,2019/11/07,QQQ,200.42999
86755,2019/11/08,QQQ,201.23000
86755,2019/11/11,QQQ,200.96001
86755,2019/11/12,QQQ,201.53999
86755,2019/11/13,QQQ,201.59000
86755,2019/11/14,QQQ,201.42999
86755,2019/11/15,QQQ,202.91000
86755,2019/11/18,QQQ,203.07001
86755,2019/11/19,QQQ,203.37000
86755,2019/11/20,QQQ,202.14999
86755,2019/11/21,QQQ,201.70000
86755,2019/11/22,QQQ,201.83000
86755,2019/11/25,QQQ,204.22000
86755,2019/11/26,QQQ,204.61000
86755,2019/11/27,QQQ,206.03999
86755,2019/11/29,QQQ,205.10001
86755,2019/12/02,QQQ,203.00000
86755,2019/12/03,QQQ,201.41000
86755,2019/12/04,QQQ,202.42999
86755,2019/12/05,QQQ,202.83000
86755,2019/12/06,QQQ,205.00000
86755,2019/12/09,QQQ,204.07001
86755,2019/12/10,QQQ,203.89999
86755,2019/12/11,QQQ,204.98000
86755,2019/12/12,QQQ,206.50999
86755,2019/12/13,QQQ,207.19000
86755,2019/12/16,QQQ,209.27000
86755,2019/12/17,QQQ,209.39000
86755,2019/12/18,QQQ,209.55000
86755,2019/12/19,QQQ,210.86000
86755,2019/12/20,QQQ,211.71001
86755,2019/12/23,QQQ,211.81000
86755,2019/12/24,QQQ,211.92000
86755,2019/12/26,QQQ,213.78999
86755,2019/12/27,QQQ,213.61000
86755,2019/12/30,QQQ,212.21001
86755,2019/12/31,QQQ,212.61000
86755,2020/01/02,QQQ,216.16000
86755,2020/01/03,QQQ,214.17999
86755,2020/01/06,QQQ,215.56000
86755,2020/01/07,QQQ,215.53000
86755,2020/01/08,QQQ,217.14999
86755,2020/01/09,QQQ,218.99001
86755,2020/01/10,QQQ,218.42999
86755,2020/01/13,QQQ,220.95000
86755,2020/01/14,QQQ,220.08000
86755,2020/01/15,QQQ,220.17000
86755,2020/01/16,QQQ,222.28000
86755,2020/01/17,QQQ,223.38000
86755,2020/01/21,QQQ,223.28000
86755,2020/01/22,QQQ,223.87000
86755,2020/01/23,QQQ,224.59000
86755,2020/01/24,QQQ,222.70000
86755,2020/01/27,QQQ,218.10001
86755,2020/01/28,QQQ,221.45000
86755,2020/01/29,QQQ,221.81000
86755,2020/01/30,QQQ,222.60001
86755,2020/01/31,QQQ,219.07001
86755,2020/02/03,QQQ,222.38000
86755,2020/02/04,QQQ,227.47000
86755,2020/02/05,QQQ,228.22000
86755,2020/02/06,QQQ,230.19000
86755,2020/02/07,QQQ,229.20000
86755,2020/02/10,QQQ,231.97000
86755,2020/02/11,QQQ,232.00999
86755,2020/02/12,QQQ,234.27000
86755,2020/02/13,QQQ,233.97000
86755,2020/02/14,QQQ,234.64000
86755,2020/02/18,QQQ,234.73000
86755,2020/02/19,QQQ,236.98000
86755,2020/02/20,QQQ,234.78000
86755,2020/02/21,QQQ,230.27000
86755,2020/02/24,QQQ,221.39000
86755,2020/02/25,QQQ,215.37000
86755,2020/02/26,QQQ,216.48000
86755,2020/02/27,QQQ,205.64000
86755,2020/02/28,QQQ,205.80000
86755,2020/03/02,QQQ,216.42000
86755,2020/03/03,QQQ,209.48000
86755,2020/03/04,QQQ,218.22000
86755,2020/03/05,QQQ,211.59000
86755,2020/03/06,QQQ,208.02000
86755,2020/03/09,QQQ,193.57001
86755,2020/03/10,QQQ,204.11000
86755,2020/03/11,QQQ,195.22000
86755,2020/03/12,QQQ,177.32001
86755,2020/03/13,QQQ,192.34000
86755,2020/03/16,QQQ,169.30000
86755,2020/03/17,QQQ,182.14000
86755,2020/03/18,QQQ,176.60001
86755,2020/03/19,QQQ,177.66000
86755,2020/03/20,QQQ,170.70000
86755,2020/03/23,QQQ,170.46001
86755,2020/03/24,QQQ,183.66000
86755,2020/03/25,QQQ,182.30000
86755,2020/03/26,QQQ,191.89999
86755,2020/03/27,QQQ,185.30000
86755,2020/03/30,QQQ,192.03999
86755,2020/03/31,QQQ,190.39999
86755,2020/04/01,QQQ,182.31000
86755,2020/04/02,QQQ,186.00999
86755,2020/04/03,QQQ,183.37000
86755,2020/04/06,QQQ,196.48000
86755,2020/04/07,QQQ,196.39999
86755,2020/04/08,QQQ,200.57001
86755,2020/04/09,QQQ,200.86000
86755,2020/04/13,QQQ,203.03000
86755,2020/04/14,QQQ,211.86000
86755,2020/04/15,QQQ,209.42999
86755,2020/04/16,QQQ,213.25000
86755,2020/04/17,QQQ,215.28999
86755,2020/04/20,QQQ,212.74001
86755,2020/04/21,QQQ,204.89000
86755,2020/04/22,QQQ,210.97000
86755,2020/04/23,QQQ,210.52000
86755,2020/04/24,QQQ,213.84000
86755,2020/04/27,QQQ,215.56000
86755,2020/04/28,QQQ,211.50000
86755,2020/04/29,QQQ,219.00000
86755,2020/04/30,QQQ,218.91000
86755,2020/05/01,QQQ,212.74001
86755,2020/05/04,QQQ,215.22000
86755,2020/05/05,QQQ,217.66000
86755,2020/05/06,QQQ,219.00000
86755,2020/05/07,QQQ,221.82001
86755,2020/05/08,QQQ,224.86000
86755,2020/05/11,QQQ,226.87000
86755,2020/05/12,QQQ,222.12000
86755,2020/05/13,QQQ,219.34000
86755,2020/05/14,QQQ,221.83000
86755,2020/05/15,QQQ,223.27000
86755,2020/05/18,QQQ,227.42999
86755,2020/05/19,QQQ,226.86000
86755,2020/05/20,QQQ,231.39000
86755,2020/05/21,QQQ,228.87000
86755,2020/05/22,QQQ,229.66000
86755,2020/05/26,QQQ,229.03999
86755,2020/05/27,QQQ,230.28999
86755,2020/05/28,QQQ,229.99001
86755,2020/05/29,QQQ,233.36000
86755,2020/06/01,QQQ,234.06000
86755,2020/06/02,QQQ,235.63000
86755,2020/06/03,QQQ,236.69000
86755,2020/06/04,QQQ,235.03000
86755,2020/06/05,QQQ,239.69000
86755,2020/06/08,QQQ,241.55000
86755,2020/06/09,QQQ,243.30000
86755,2020/06/10,QQQ,246.22000
86755,2020/06/11,QQQ,234.02000
86755,2020/06/12,QQQ,235.88000
86755,2020/06/15,QQQ,238.75000
86755,2020/06/16,QQQ,242.85001
86755,2020/06/17,QQQ,243.62000
86755,2020/06/18,QQQ,244.28000
86755,2020/06/19,QQQ,244.24001
86755,2020/06/22,QQQ,246.74001
86755,2020/06/23,QQQ,248.84000
86755,2020/06/24,QQQ,243.71001
86755,2020/06/25,QQQ,246.03000
86755,2020/06/26,QQQ,240.22000
86755,2020/06/29,QQQ,242.84000
86755,2020/06/30,QQQ,247.60001
86755,2020/07/01,QQQ,250.49001
86755,2020/07/02,QQQ,252.19000
86755,2020/07/06,QQQ,258.39001
86755,2020/07/07,QQQ,256.60999
86755,2020/07/08,QQQ,259.98999
86755,2020/07/09,QQQ,262.17999
86755,2020/07/10,QQQ,263.97000
86755,2020/07/13,QQQ,258.54001
86755,2020/07/14,QQQ,260.37000
86755,2020/07/15,QQQ,260.89999
86755,2020/07/16,QQQ,259.12000
86755,2020/07/17,QQQ,259.42001
86755,2020/07/20,QQQ,266.78000
86755,2020/07/21,QQQ,264.00000
86755,2020/07/22,QQQ,264.92999
86755,2020/07/23,QQQ,258.01001
86755,2020/07/24,QQQ,255.56000
86755,2020/07/27,QQQ,260.12000
86755,2020/07/28,QQQ,256.81000
86755,2020/07/29,QQQ,259.76999
86755,2020/07/30,QQQ,261.13000
86755,2020/07/31,QQQ,265.79001
86755,2020/08/03,QQQ,269.38000
86755,2020/08/04,QQQ,270.38000
86755,2020/08/05,QQQ,271.04999
86755,2020/08/06,QQQ,274.64001
86755,2020/08/07,QQQ,271.47000
86755,2020/08/10,QQQ,270.31000
86755,2020/08/11,QQQ,265.19000
86755,2020/08/12,QQQ,271.85999
86755,2020/08/13,QQQ,272.48001
86755,2020/08/14,QQQ,272.16000
86755,2020/08/17,QQQ,275.32001
86755,2020/08/18,QQQ,277.97000
86755,2020/08/19,QQQ,276.10001
86755,2020/08/20,QQQ,279.92999
86755,2020/08/21,QQQ,281.87000
86755,2020/08/24,QQQ,283.63000
86755,2020/08/25,QQQ,285.85999
86755,2020/08/26,QQQ,291.95999
86755,2020/08/27,QQQ,291.04999
86755,2020/08/28,QQQ,292.53000
86755,2020/08/31,QQQ,294.88000
86755,2020/09/01,QQQ,299.92001
86755,2020/09/02,QQQ,302.76001
86755,2020/09/03,QQQ,287.41000
86755,2020/09/04,QQQ,283.57999
86755,2020/09/08,QQQ,269.95001
86755,2020/09/09,QQQ,277.88000
86755,2020/09/10,QQQ,272.34000
86755,2020/09/11,QQQ,270.45001
86755,2020/09/14,QQQ,275.16000
86755,2020/09/15,QQQ,279.06000
86755,2020/09/16,QQQ,274.60999
86755,2020/09/17,QQQ,270.32001
86755,2020/09/18,QQQ,266.87000
86755,2020/09/21,QQQ,267.51001
86755,2020/09/22,QQQ,272.48001
86755,2020/09/23,QQQ,264.16000
86755,2020/09/24,QQQ,265.39001
86755,2020/09/25,QQQ,271.56000
86755,2020/09/28,QQQ,277.20001
86755,2020/09/29,QQQ,275.95001
86755,2020/09/30,QQQ,277.84000
86755,2020/10/01,QQQ,282.25000
86755,2020/10/02,QQQ,274.31000
86755,2020/10/05,QQQ,280.16000
86755,2020/10/06,QQQ,275.16000
92213,2017/12/13,RIOT,23.03000
92213,2017/12/14,RIOT,24.98000
92213,2017/12/15,RIOT,28.50000
92213,2017/12/18,RIOT,36.47000
92213,2017/12/19,RIOT,38.60000
92213,2017/12/20,RIOT,36.12000
92213,2017/12/21,RIOT,27.60000
92213,2017/12/22,RIOT,24.52000
92213,2017/12/26,RIOT,31.22000
92213,2017/12/27,RIOT,29.80000
92213,2017/12/28,RIOT,27.23000
92213,2017/12/29,RIOT,28.40000
92213,2018/01/02,RIOT,27.90000
92213,2018/01/03,RIOT,24.36000
92213,2018/01/04,RIOT,24.27000
92213,2018/01/05,RIOT,24.43000
92213,2018/01/08,RIOT,23.42000
92213,2018/01/09,RIOT,24.02000
92213,2018/01/10,RIOT,22.94000
92213,2018/01/11,RIOT,20.85000
92213,2018/01/12,RIOT,21.88000
92213,2018/01/16,RIOT,18.28000
92213,2018/01/17,RIOT,17.76000
92213,2018/01/18,RIOT,19.80000
92213,2018/01/19,RIOT,19.91000
92213,2018/01/22,RIOT,19.48000
92213,2018/01/23,RIOT,19.60000
92213,2018/01/24,RIOT,19.24000
92213,2018/01/25,RIOT,17.91000
92213,2018/01/26,RIOT,17.13000
92213,2018/01/29,RIOT,15.23000
92213,2018/01/30,RIOT,14.28000
92213,2018/01/31,RIOT,13.75000
92213,2018/02/01,RIOT,12.30000
92213,2018/02/02,RIOT,12.16000
92213,2018/02/05,RIOT,10.70000
92213,2018/02/06,RIOT,12.95000
92213,2018/02/07,RIOT,14.32000
92213,2018/02/08,RIOT,14.89000
92213,2018/02/09,RIOT,16.05000
92213,2018/02/12,RIOT,17.54000
92213,2018/02/13,RIOT,16.06000
92213,2018/02/14,RIOT,16.59000
92213,2018/02/15,RIOT,17.20000
92213,2018/02/16,RIOT,11.46000
92213,2018/02/20,RIOT,10.92000
92213,2018/02/21,RIOT,10.60000
92213,2018/02/22,RIOT,9.98000
92213,2018/02/23,RIOT,10.27000
92213,2018/02/26,RIOT,9.90000
92213,2018/02/27,RIOT,9.96000
92213,2018/02/28,RIOT,10.58000
92213,2018/03/01,RIOT,10.13000
92213,2018/03/02,RIOT,10.58000
92213,2018/03/05,RIOT,10.83000
92213,2018/03/06,RIOT,10.39000
92213,2018/03/07,RIOT,10.08000
92213,2018/03/08,RIOT,9.57000
92213,2018/03/09,RIOT,9.24000
92213,2018/03/12,RIOT,8.97000
92213,2018/03/13,RIOT,8.70000
92213,2018/03/14,RIOT,8.15000
92213,2018/03/15,RIOT,7.51000
92213,2018/03/16,RIOT,8.29000
92213,2018/03/19,RIOT,8.42000
92213,2018/03/20,RIOT,8.02000
92213,2018/03/21,RIOT,7.94000
92213,2018/03/22,RIOT,7.63000
92213,2018/03/23,RIOT,7.50000
92213,2018/03/26,RIOT,7.36000
92213,2018/03/27,RIOT,6.95000
92213,2018/03/28,RIOT,6.28000
92213,2018/03/29,RIOT,6.62000
92213,2018/04/02,RIOT,6.36000
92213,2018/04/03,RIOT,6.53000
92213,2018/04/04,RIOT,6.42000
92213,2018/04/05,RIOT,7.22000
92213,2018/04/06,RIOT,6.64000
92213,2018/04/09,RIOT,6.40000
92213,2018/04/10,RIOT,6.49000
92213,2018/04/11,RIOT,6.62000
92213,2018/04/12,RIOT,7.47000
92213,2018/04/13,RIOT,7.75000
92213,2018/04/16,RIOT,7.31000
92213,2018/04/17,RIOT,7.30000
92213,2018/04/18,RIOT,6.87000
92213,2018/04/19,RIOT,6.70000
92213,2018/04/20,RIOT,6.65000
92213,2018/04/23,RIOT,6.55000
92213,2018/04/24,RIOT,7.58000
92213,2018/04/25,RIOT,7.36000
92213,2018/04/26,RIOT,7.47000
92213,2018/04/27,RIOT,7.49000
92213,2018/04/30,RIOT,7.22000
92213,2018/05/01,RIOT,7.32000
92213,2018/05/02,RIOT,7.24000
92213,2018/05/03,RIOT,7.64000
92213,2018/05/04,RIOT,7.56000
92213,2018/05/07,RIOT,7.58000
92213,2018/05/08,RIOT,7.40000
92213,2018/05/09,RIOT,7.44000
92213,2018/05/10,RIOT,7.23000
92213,2018/05/11,RIOT,7.38000
92213,2018/05/14,RIOT,7.63000
92213,2018/05/15,RIOT,7.83000
92213,2018/05/16,RIOT,8.50000
92213,2018/05/17,RIOT,9.51000
92213,2018/05/18,RIOT,9.00000
92213,2018/05/21,RIOT,8.28000
92213,2018/05/22,RIOT,7.85000
92213,2018/05/23,RIOT,7.89000
92213,2018/05/24,RIOT,7.79000
92213,2018/05/25,RIOT,7.59000
92213,2018/05/29,RIOT,7.08000
92213,2018/05/30,RIOT,6.97000
92213,2018/05/31,RIOT,6.98000
92213,2018/06/01,RIOT,7.39000
92213,2018/06/04,RIOT,7.73000
92213,2018/06/05,RIOT,7.80000
92213,2018/06/06,RIOT,7.78000
92213,2018/06/07,RIOT,7.65000
92213,2018/06/08,RIOT,7.71000
92213,2018/06/11,RIOT,7.44000
92213,2018/06/12,RIOT,7.36000
92213,2018/06/13,RIOT,7.26000
92213,2018/06/14,RIOT,7.54000
92213,2018/06/15,RIOT,7.40000
92213,2018/06/18,RIOT,7.38000
92213,2018/06/19,RIOT,7.32000
92213,2018/06/20,RIOT,7.35000
92213,2018/06/21,RIOT,7.27000
92213,2018/06/22,RIOT,6.88000
92213,2018/06/25,RIOT,6.57000
92213,2018/06/26,RIOT,6.80000
92213,2018/06/27,RIOT,6.59000
92213,2018/06/28,RIOT,6.56000
92213,2018/06/29,RIOT,6.34000
92213,2018/07/02,RIOT,6.38000
92213,2018/07/03,RIOT,6.25000
92213,2018/07/05,RIOT,6.01000
92213,2018/07/06,RIOT,5.15000
92213,2018/07/09,RIOT,4.86500
92213,2018/07/10,RIOT,4.65000
92213,2018/07/11,RIOT,4.68000
92213,2018/07/12,RIOT,4.57000
92213,2018/07/13,RIOT,4.66000
92213,2018/07/16,RIOT,4.57000
92213,2018/07/17,RIOT,6.29000
92213,2018/07/18,RIOT,5.73000
92213,2018/07/19,RIOT,6.07000
92213,2018/07/20,RIOT,5.90000
92213,2018/07/23,RIOT,6.59000
92213,2018/07/24,RIOT,8.40000
92213,2018/07/25,RIOT,7.98000
92213,2018/07/26,RIOT,7.90000
92213,2018/07/27,RIOT,7.59000
92213,2018/07/30,RIOT,7.62000
92213,2018/07/31,RIOT,6.49000
92213,2018/08/01,RIOT,6.43000
92213,2018/08/02,RIOT,6.79000
92213,2018/08/03,RIOT,6.83000
92213,2018/08/06,RIOT,6.80000
92213,2018/08/07,RIOT,6.93000
92213,2018/08/08,RIOT,6.73000
92213,2018/08/09,RIOT,6.80000
92213,2018/08/10,RIOT,6.96000
92213,2018/08/13,RIOT,6.71000
92213,2018/08/14,RIOT,6.65000
92213,2018/08/15,RIOT,5.35000
92213,2018/08/16,RIOT,5.39000
92213,2018/08/17,RIOT,5.37000
92213,2018/08/20,RIOT,5.31000
92213,2018/08/21,RIOT,5.31000
92213,2018/08/22,RIOT,5.63000
92213,2018/08/23,RIOT,5.47000
92213,2018/08/24,RIOT,5.50000
92213,2018/08/27,RIOT,5.76000
92213,2018/08/28,RIOT,6.31000
92213,2018/08/29,RIOT,6.22000
92213,2018/08/30,RIOT,6.10000
92213,2018/08/31,RIOT,6.30000
92213,2018/09/04,RIOT,6.19000
92213,2018/09/05,RIOT,5.71000
92213,2018/09/06,RIOT,5.68000
92213,2018/09/07,RIOT,4.30000
92213,2018/09/10,RIOT,4.50000
92213,2018/09/11,RIOT,4.29000
92213,2018/09/12,RIOT,3.74000
92213,2018/09/13,RIOT,3.80000
92213,2018/09/14,RIOT,3.94000
92213,2018/09/17,RIOT,3.81000
92213,2018/09/18,RIOT,3.89000
92213,2018/09/19,RIOT,4.12000
92213,2018/09/20,RIOT,4.09000
92213,2018/09/21,RIOT,3.99000
92213,2018/09/24,RIOT,4.08000
92213,2018/09/25,RIOT,3.95000
92213,2018/09/26,RIOT,3.82000
92213,2018/09/27,RIOT,3.78000
92213,2018/09/28,RIOT,3.65000
92213,2018/10/01,RIOT,3.45000
92213,2018/10/02,RIOT,3.42000
92213,2018/10/03,RIOT,3.43210
92213,2018/10/04,RIOT,3.36000
92213,2018/10/05,RIOT,3.02000
92213,2018/10/08,RIOT,2.85000
92213,2018/10/09,RIOT,2.71000
92213,2018/10/10,RIOT,2.17000
92213,2018/10/11,RIOT,2.16000
92213,2018/10/12,RIOT,2.57000
92213,2018/10/15,RIOT,2.70000
92213,2018/10/16,RIOT,2.96000
92213,2018/10/17,RIOT,2.72000
92213,2018/10/18,RIOT,2.53000
92213,2018/10/19,RIOT,2.48000
92213,2018/10/22,RIOT,2.39000
92213,2018/10/23,RIOT,2.40000
92213,2018/10/24,RIOT,2.37000
92213,2018/10/25,RIOT,2.42000
92213,2018/10/26,RIOT,2.52000
92213,2018/10/29,RIOT,2.41000
92213,2018/10/30,RIOT,2.28000
92213,2018/10/31,RIOT,2.36000
92213,2018/11/01,RIOT,2.56000
92213,2018/11/02,RIOT,2.54000
92213,2018/11/05,RIOT,2.51000
92213,2018/11/06,RIOT,2.95000
92213,2018/11/07,RIOT,2.90000
92213,2018/11/08,RIOT,2.57000
92213,2018/11/09,RIOT,2.56000
92213,2018/11/12,RIOT,2.36000
92213,2018/11/13,RIOT,2.50000
92213,2018/11/14,RIOT,2.20000
92213,2018/11/15,RIOT,2.24500
92213,2018/11/16,RIOT,2.19000
92213,2018/11/19,RIOT,1.89000
92213,2018/11/20,RIOT,1.85000
92213,2018/11/21,RIOT,1.91000
92213,2018/11/23,RIOT,1.85000
92213,2018/11/26,RIOT,1.83000
92213,2018/11/27,RIOT,1.77000
92213,2018/11/28,RIOT,2.09000
92213,2018/11/29,RIOT,1.95000
92213,2018/11/30,RIOT,1.86000
92213,2018/12/03,RIOT,1.83000
92213,2018/12/04,RIOT,1.76000
92213,2018/12/06,RIOT,1.79000
92213,2018/12/07,RIOT,1.73000
92213,2018/12/10,RIOT,1.69000
92213,2018/12/11,RIOT,1.54000
92213,2018/12/12,RIOT,1.60500
92213,2018/12/13,RIOT,1.54000
92213,2018/12/14,RIOT,1.35000
92213,2018/12/17,RIOT,1.79000
92213,2018/12/18,RIOT,1.77000
92213,2018/12/19,RIOT,1.89000
92213,2018/12/20,RIOT,1.71000
92213,2018/12/21,RIOT,1.50000
92213,2018/12/24,RIOT,1.44000
92213,2018/12/26,RIOT,1.49000
92213,2018/12/27,RIOT,1.64000
92213,2018/12/28,RIOT,1.57000
92213,2018/12/31,RIOT,1.51000
92213,2019/01/02,RIOT,1.71000
92213,2019/01/03,RIOT,1.54000
92213,2019/01/04,RIOT,1.65000
92213,2019/01/07,RIOT,1.63000
92213,2019/01/08,RIOT,1.70000
92213,2019/01/09,RIOT,1.73000
92213,2019/01/10,RIOT,1.63000
92213,2019/01/11,RIOT,1.62000
92213,2019/01/14,RIOT,1.62000
92213,2019/01/15,RIOT,1.62000
92213,2019/01/16,RIOT,1.60000
92213,2019/01/17,RIOT,1.55000
92213,2019/01/18,RIOT,1.63000
92213,2019/01/22,RIOT,1.57000
92213,2019/01/23,RIOT,1.82000
92213,2019/01/24,RIOT,1.89000
92213,2019/01/25,RIOT,1.76000
92213,2019/01/28,RIOT,1.70000
92213,2019/01/29,RIOT,1.79000
92213,2019/01/30,RIOT,1.84000
92213,2019/01/31,RIOT,1.85000
92213,2019/02/01,RIOT,1.81000
92213,2019/02/04,RIOT,1.92000
92213,2019/02/05,RIOT,1.95000
92213,2019/02/06,RIOT,1.89000
92213,2019/02/07,RIOT,1.90990
92213,2019/02/08,RIOT,2.37000
92213,2019/02/11,RIOT,2.12000
92213,2019/02/12,RIOT,2.21000
92213,2019/02/13,RIOT,2.11000
92213,2019/02/14,RIOT,2.26000
92213,2019/02/15,RIOT,2.47000
92213,2019/02/19,RIOT,3.33000
92213,2019/02/20,RIOT,3.74000
92213,2019/02/21,RIOT,3.52000
92213,2019/02/22,RIOT,3.95000
92213,2019/02/25,RIOT,3.59000
92213,2019/02/26,RIOT,3.60000
92213,2019/02/27,RIOT,3.21000
92213,2019/02/28,RIOT,3.20000
92213,2019/03/01,RIOT,3.26000
92213,2019/03/04,RIOT,3.00000
92213,2019/03/05,RIOT,3.39000
92213,2019/03/06,RIOT,3.23000
92213,2019/03/07,RIOT,3.49000
92213,2019/03/08,RIOT,3.69000
92213,2019/03/11,RIOT,3.55000
92213,2019/03/12,RIOT,3.35000
92213,2019/03/13,RIOT,3.34000
92213,2019/03/14,RIOT,3.40000
92213,2019/03/15,RIOT,3.73000
92213,2019/03/18,RIOT,3.88000
92213,2019/03/19,RIOT,3.99000
92213,2019/03/20,RIOT,3.96000
92213,2019/03/21,RIOT,3.70000
92213,2019/03/22,RIOT,3.45000
92213,2019/03/25,RIOT,3.12000
92213,2019/03/26,RIOT,3.13000
92213,2019/03/27,RIOT,3.16000
92213,2019/03/28,RIOT,3.14000
92213,2019/03/29,RIOT,3.27000
92213,2019/04/01,RIOT,3.54000
92213,2019/04/02,RIOT,4.34000
92213,2019/04/03,RIOT,4.86000
92213,2019/04/04,RIOT,4.20000
92213,2019/04/05,RIOT,4.46000
92213,2019/04/08,RIOT,4.60000
92213,2019/04/09,RIOT,4.43000
92213,2019/04/10,RIOT,4.89000
92213,2019/04/11,RIOT,4.58000
92213,2019/04/12,RIOT,4.61000
92213,2019/04/15,RIOT,4.71000
92213,2019/04/16,RIOT,4.93000
92213,2019/04/17,RIOT,4.90000
92213,2019/04/18,RIOT,5.40000
92213,2019/04/22,RIOT,5.52000
92213,2019/04/23,RIOT,6.02000
92213,2019/04/24,RIOT,5.80000
92213,2019/04/25,RIOT,5.89000
92213,2019/04/26,RIOT,5.23000
92213,2019/04/29,RIOT,5.18000
92213,2019/04/30,RIOT,5.27000
92213,2019/05/01,RIOT,4.71000
92213,2019/05/02,RIOT,4.44000
92213,2019/05/03,RIOT,4.67000
92213,2019/05/06,RIOT,4.61000
92213,2019/05/07,RIOT,4.19000
92213,2019/05/08,RIOT,4.09000
92213,2019/05/09,RIOT,3.63000
92213,2019/05/10,RIOT,4.04000
92213,2019/05/13,RIOT,4.45000
92213,2019/05/14,RIOT,4.23000
92213,2019/05/15,RIOT,4.51000
92213,2019/05/16,RIOT,4.31000
92213,2019/05/17,RIOT,4.07000
92213,2019/05/20,RIOT,4.16000
92213,2019/05/21,RIOT,4.10000
92213,2019/05/22,RIOT,4.05000
92213,2019/05/23,RIOT,3.79000
92213,2019/05/24,RIOT,3.86000
92213,2019/05/28,RIOT,3.49000
92213,2019/05/29,RIOT,3.45000
92213,2019/05/30,RIOT,3.17000
92213,2019/05/31,RIOT,3.24000
92213,2019/06/03,RIOT,3.16000
92213,2019/06/04,RIOT,3.16000
92213,2019/06/05,RIOT,2.91000
92213,2019/06/06,RIOT,2.53000
92213,2019/06/07,RIOT,2.70000
92213,2019/06/10,RIOT,2.51000
92213,2019/06/11,RIOT,2.44000
92213,2019/06/12,RIOT,2.50000
92213,2019/06/13,RIOT,2.59000
92213,2019/06/14,RIOT,2.73000
92213,2019/06/17,RIOT,2.81000
92213,2019/06/18,RIOT,2.69000
92213,2019/06/19,RIOT,2.62000
92213,2019/06/20,RIOT,2.60000
92213,2019/06/21,RIOT,2.75000
92213,2019/06/24,RIOT,3.04000
92213,2019/06/25,RIOT,3.30000
92213,2019/06/26,RIOT,3.79000
92213,2019/06/27,RIOT,3.07000
92213,2019/06/28,RIOT,3.14000
92213,2019/07/01,RIOT,2.71000
92213,2019/07/02,RIOT,2.79000
92213,2019/07/03,RIOT,2.78000
92213,2019/07/05,RIOT,2.80000
92213,2019/07/08,RIOT,2.78000
92213,2019/07/09,RIOT,2.63000
92213,2019/07/10,RIOT,2.55000
92213,2019/07/11,RIOT,2.35000
92213,2019/07/12,RIOT,2.26000
92213,2019/07/15,RIOT,2.20000
92213,2019/07/16,RIOT,2.08000
92213,2019/07/17,RIOT,2.00000
92213,2019/07/18,RIOT,2.05000
92213,2019/07/19,RIOT,1.98000
92213,2019/07/22,RIOT,1.95000
92213,2019/07/23,RIOT,2.02000
92213,2019/07/24,RIOT,1.97000
92213,2019/07/25,RIOT,2.01000
92213,2019/07/26,RIOT,1.97000
92213,2019/07/29,RIOT,1.94000
92213,2019/07/30,RIOT,1.91000
92213,2019/07/31,RIOT,2.20000
92213,2019/08/01,RIOT,2.13000
92213,2019/08/02,RIOT,2.21000
92213,2019/08/05,RIOT,2.24000
92213,2019/08/06,RIOT,2.08000
92213,2019/08/07,RIOT,2.12000
92213,2019/08/08,RIOT,2.07000
92213,2019/08/09,RIOT,2.18000
92213,2019/08/12,RIOT,2.08000
92213,2019/08/13,RIOT,1.98000
92213,2019/08/14,RIOT,1.82000
92213,2019/08/15,RIOT,1.81000
92213,2019/08/16,RIOT,1.85000
92213,2019/08/19,RIOT,1.88000
92213,2019/08/20,RIOT,1.91000
92213,2019/08/21,RIOT,1.89000
92213,2019/08/22,RIOT,1.94000
92213,2019/08/23,RIOT,1.97000
92213,2019/08/26,RIOT,1.92000
92213,2019/08/27,RIOT,1.90000
92213,2019/08/28,RIOT,1.90000
92213,2019/08/29,RIOT,1.88000
92213,2019/08/30,RIOT,1.84000
92213,2019/09/03,RIOT,1.92000
92213,2019/09/04,RIOT,2.10000
92213,2019/09/05,RIOT,2.07000
92213,2019/09/06,RIOT,2.04000
92213,2019/09/09,RIOT,2.03000
92213,2019/09/10,RIOT,2.00000
92213,2019/09/11,RIOT,2.01000
92213,2019/09/12,RIOT,2.05000
92213,2019/09/13,RIOT,2.12000
92213,2019/09/16,RIOT,2.12000
92213,2019/09/17,RIOT,2.19000
92213,2019/09/18,RIOT,2.09000
92213,2019/09/19,RIOT,1.99000
92213,2019/09/20,RIOT,2.06000
92213,2019/09/23,RIOT,2.01000
92213,2019/09/24,RIOT,1.91000
92213,2019/09/25,RIOT,1.88500
92213,2019/09/26,RIOT,1.85000
92213,2019/09/27,RIOT,1.72000
92213,2019/09/30,RIOT,1.78000
92213,2019/10/01,RIOT,1.73000
92213,2019/10/02,RIOT,1.68000
92213,2019/10/03,RIOT,1.64000
92213,2019/10/04,RIOT,1.68000
92213,2019/10/07,RIOT,1.72000
92213,2019/10/08,RIOT,1.69000
92213,2019/10/09,RIOT,1.81000
92213,2019/10/10,RIOT,1.78000
92213,2019/10/11,RIOT,1.80000
92213,2019/10/14,RIOT,1.79000
92213,2019/10/15,RIOT,1.78000
92213,2019/10/16,RIOT,1.70000
92213,2019/10/17,RIOT,1.72000
92213,2019/10/18,RIOT,1.71000
92213,2019/10/21,RIOT,1.70000
92213,2019/10/22,RIOT,1.66000
92213,2019/10/23,RIOT,1.57000
92213,2019/10/24,RIOT,1.57000
92213,2019/10/25,RIOT,1.68000
92213,2019/10/28,RIOT,1.70000
92213,2019/10/29,RIOT,1.61000
92213,2019/10/30,RIOT,1.59000
92213,2019/10/31,RIOT,1.56000
92213,2019/11/01,RIOT,1.57000
92213,2019/11/04,RIOT,1.66000
92213,2019/11/05,RIOT,1.60000
92213,2019/11/06,RIOT,1.57000
92213,2019/11/07,RIOT,1.50000
92213,2019/11/08,RIOT,1.52000
92213,2019/11/11,RIOT,1.53000
92213,2019/11/12,RIOT,1.52000
92213,2019/11/13,RIOT,1.51000
92213,2019/11/14,RIOT,1.59000
92213,2019/11/15,RIOT,1.51000
92213,2019/11/18,RIOT,1.46000
92213,2019/11/19,RIOT,1.44000
92213,2019/11/20,RIOT,1.43000
92213,2019/11/21,RIOT,1.42000
92213,2019/11/22,RIOT,1.49000
92213,2019/11/25,RIOT,1.35000
92213,2019/11/26,RIOT,1.33000
92213,2019/11/27,RIOT,1.35000
92213,2019/11/29,RIOT,1.39000
92213,2019/12/02,RIOT,1.30000
92213,2019/12/03,RIOT,1.32000
92213,2019/12/04,RIOT,1.29000
92213,2019/12/05,RIOT,1.32000
92213,2019/12/06,RIOT,1.32000
92213,2019/12/09,RIOT,1.29000
92213,2019/12/10,RIOT,1.30000
92213,2019/12/11,RIOT,1.32000
92213,2019/12/12,RIOT,1.32000
92213,2019/12/13,RIOT,1.34000
92213,2019/12/16,RIOT,1.33000
92213,2019/12/17,RIOT,1.30000
92213,2019/12/18,RIOT,1.33000
92213,2019/12/19,RIOT,1.32000
92213,2019/12/20,RIOT,1.33000
92213,2019/12/23,RIOT,1.33000
92213,2019/12/24,RIOT,1.31000
92213,2019/12/26,RIOT,1.30000
92213,2019/12/27,RIOT,1.22000
92213,2019/12/30,RIOT,1.14000
92213,2019/12/31,RIOT,1.12000
92213,2020/01/02,RIOT,1.22000
92213,2020/01/03,RIOT,1.18000
92213,2020/01/06,RIOT,1.30000
92213,2020/01/07,RIOT,1.49000
92213,2020/01/08,RIOT,1.37000
92213,2020/01/09,RIOT,1.33000
92213,2020/01/10,RIOT,1.41000
92213,2020/01/13,RIOT,1.36000
92213,2020/01/14,RIOT,1.42000
92213,2020/01/15,RIOT,1.40000
92213,2020/01/16,RIOT,1.43000
92213,2020/01/17,RIOT,1.46000
92213,2020/01/21,RIOT,1.40000
92213,2020/01/22,RIOT,1.34000
92213,2020/01/23,RIOT,1.26000
92213,2020/01/24,RIOT,1.26000
92213,2020/01/27,RIOT,1.24000
92213,2020/01/28,RIOT,1.31000
92213,2020/01/29,RIOT,1.31000
92213,2020/01/30,RIOT,1.43000
92213,2020/01/31,RIOT,1.35000
92213,2020/02/03,RIOT,1.36000
92213,2020/02/04,RIOT,1.38000
92213,2020/02/05,RIOT,1.48000
92213,2020/02/06,RIOT,1.43000
92213,2020/02/07,RIOT,1.43000
92213,2020/02/10,RIOT,1.48000
92213,2020/02/11,RIOT,1.68000
92213,2020/02/12,RIOT,1.60000
92213,2020/02/13,RIOT,1.61000
92213,2020/02/14,RIOT,1.64000
92213,2020/02/18,RIOT,1.50000
92213,2020/02/19,RIOT,1.50000
92213,2020/02/20,RIOT,1.42000
92213,2020/02/21,RIOT,1.41000
92213,2020/02/24,RIOT,1.33000
92213,2020/02/25,RIOT,1.26000
92213,2020/02/26,RIOT,1.24500
92213,2020/02/27,RIOT,1.23000
92213,2020/02/28,RIOT,1.14000
92213,2020/03/02,RIOT,1.18000
92213,2020/03/03,RIOT,1.14000
92213,2020/03/04,RIOT,1.16500
92213,2020/03/05,RIOT,1.28000
92213,2020/03/06,RIOT,1.27000
92213,2020/03/09,RIOT,1.08000
92213,2020/03/10,RIOT,1.07000
92213,2020/03/11,RIOT,1.01000
92213,2020/03/12,RIOT,0.72800
92213,2020/03/13,RIOT,0.72000
92213,2020/03/16,RIOT,0.65820
92213,2020/03/17,RIOT,0.74760
92213,2020/03/18,RIOT,0.65000
92213,2020/03/19,RIOT,0.70330
92213,2020/03/20,RIOT,0.70480
92213,2020/03/23,RIOT,0.66930
92213,2020/03/24,RIOT,0.79770
92213,2020/03/25,RIOT,0.77320
92213,2020/03/26,RIOT,0.81630
92213,2020/03/27,RIOT,0.78870
92213,2020/03/30,RIOT,0.79150
92213,2020/03/31,RIOT,0.83300
92213,2020/04/01,RIOT,0.77280
92213,2020/04/02,RIOT,0.78000
92213,2020/04/03,RIOT,0.90000
92213,2020/04/06,RIOT,1.09500
92213,2020/04/07,RIOT,1.02000
92213,2020/04/08,RIOT,1.07000
92213,2020/04/09,RIOT,1.03000
92213,2020/04/13,RIOT,1.01000
92213,2020/04/14,RIOT,1.01000
92213,2020/04/15,RIOT,1.13000
92213,2020/04/16,RIOT,1.17000
92213,2020/04/17,RIOT,1.14000
92213,2020/04/20,RIOT,1.10000
92213,2020/04/21,RIOT,1.02000
92213,2020/04/22,RIOT,1.07000
92213,2020/04/23,RIOT,1.15000
92213,2020/04/24,RIOT,1.25000
92213,2020/04/27,RIOT,1.24000
92213,2020/04/28,RIOT,1.16000
92213,2020/04/29,RIOT,1.21000
92213,2020/04/30,RIOT,1.21000
92213,2020/05/01,RIOT,1.07000
92213,2020/05/04,RIOT,1.12000
92213,2020/05/05,RIOT,1.15000
92213,2020/05/06,RIOT,1.27000
92213,2020/05/07,RIOT,1.54000
92213,2020/05/08,RIOT,1.85000
92213,2020/05/11,RIOT,1.59000
92213,2020/05/12,RIOT,1.60000
92213,2020/05/13,RIOT,1.89000
92213,2020/05/14,RIOT,2.28000
92213,2020/05/15,RIOT,2.08000
92213,2020/05/18,RIOT,2.19000
92213,2020/05/19,RIOT,2.23000
92213,2020/05/20,RIOT,2.53000
92213,2020/05/21,RIOT,2.33000
92213,2020/05/22,RIOT,2.24000
92213,2020/05/26,RIOT,1.95000
92213,2020/05/27,RIOT,2.12000
92213,2020/05/28,RIOT,2.21000
92213,2020/05/29,RIOT,2.14000
92213,2020/06/01,RIOT,2.27000
92213,2020/06/02,RIOT,2.51000
92213,2020/06/03,RIOT,2.41000
92213,2020/06/04,RIOT,2.63000
92213,2020/06/05,RIOT,2.60000
92213,2020/06/08,RIOT,2.57000
92213,2020/06/09,RIOT,2.62000
92213,2020/06/10,RIOT,3.10000
92213,2020/06/11,RIOT,2.18000
92213,2020/06/12,RIOT,2.29000
92213,2020/06/15,RIOT,2.31000
92213,2020/06/16,RIOT,2.35000
92213,2020/06/17,RIOT,2.27000
92213,2020/06/18,RIOT,2.19000
92213,2020/06/19,RIOT,2.11000
92213,2020/06/22,RIOT,2.51000
92213,2020/06/23,RIOT,2.60000
92213,2020/06/24,RIOT,2.37000
92213,2020/06/25,RIOT,2.33000
92213,2020/06/26,RIOT,2.20000
92213,2020/06/29,RIOT,2.14000
92213,2020/06/30,RIOT,2.22000
92213,2020/07/01,RIOT,2.34000
92213,2020/07/02,RIOT,2.29000
92213,2020/07/06,RIOT,2.38000
92213,2020/07/07,RIOT,2.29000
92213,2020/07/08,RIOT,2.54000
92213,2020/07/09,RIOT,2.34000
92213,2020/07/10,RIOT,2.33000
92213,2020/07/13,RIOT,2.18000
92213,2020/07/14,RIOT,2.25000
92213,2020/07/15,RIOT,2.26000
92213,2020/07/16,RIOT,2.22000
92213,2020/07/17,RIOT,2.23000
92213,2020/07/20,RIOT,2.26000
92213,2020/07/21,RIOT,2.30000
92213,2020/07/22,RIOT,2.34000
92213,2020/07/23,RIOT,2.29000
92213,2020/07/24,RIOT,2.22000
92213,2020/07/27,RIOT,2.64000
92213,2020/07/28,RIOT,2.77000
92213,2020/07/29,RIOT,2.75000
92213,2020/07/30,RIOT,2.55000
92213,2020/07/31,RIOT,2.64000
92213,2020/08/03,RIOT,3.50000
92213,2020/08/04,RIOT,3.40000
92213,2020/08/05,RIOT,4.01000
92213,2020/08/06,RIOT,4.25000
92213,2020/08/07,RIOT,3.77000
92213,2020/08/10,RIOT,4.13000
92213,2020/08/11,RIOT,3.62000
92213,2020/08/12,RIOT,3.54000
92213,2020/08/13,RIOT,3.61000
92213,2020/08/14,RIOT,3.78000
92213,2020/08/17,RIOT,4.15000
92213,2020/08/18,RIOT,4.04000
92213,2020/08/19,RIOT,3.69000
92213,2020/08/20,RIOT,3.99000
92213,2020/08/21,RIOT,3.72500
92213,2020/08/24,RIOT,3.63000
92213,2020/08/25,RIOT,3.58000
92213,2020/08/26,RIOT,3.41000
92213,2020/08/27,RIOT,3.27000
92213,2020/08/28,RIOT,3.59000
92213,2020/08/31,RIOT,3.50000
92213,2020/09/01,RIOT,3.75000
92213,2020/09/02,RIOT,3.43000
92213,2020/09/03,RIOT,3.16000
92213,2020/09/04,RIOT,3.11000
92213,2020/09/08,RIOT,2.82000
92213,2020/09/09,RIOT,2.95000
92213,2020/09/10,RIOT,2.81000
92213,2020/09/11,RIOT,2.91000
92213,2020/09/14,RIOT,3.02000
92213,2020/09/15,RIOT,3.00000
92213,2020/09/16,RIOT,3.05000
92213,2020/09/17,RIOT,3.00000
92213,2020/09/18,RIOT,3.05000
92213,2020/09/21,RIOT,2.93000
92213,2020/09/22,RIOT,2.93000
92213,2020/09/23,RIOT,2.60000
92213,2020/09/24,RIOT,2.69000
92213,2020/09/25,RIOT,2.68000
92213,2020/09/28,RIOT,2.74000
92213,2020/09/29,RIOT,2.76000
92213,2020/09/30,RIOT,2.70000
92213,2020/10/01,RIOT,2.65000
92213,2020/10/02,RIOT,2.60000
92213,2020/10/05,RIOT,2.66000
92213,2020/10/06,RIOT,2.57000
